{
  "rows": 183192,
  "prediction_mean": 3.77504767133521,
  "prediction_min": 0.95672261891534,
  "prediction_max": 25.222774392143275
}