{
  "rows": 183192,
  "prediction_mean": 3.782704811583582,
  "prediction_min": 0.02365262148962149,
  "prediction_max": 30.672861482584537
}