{
  "mae": 2.086222044432604,
  "rmse": 3.4767146682790924,
  "median_ae": 1.4269864388557196,
  "r2": -0.0022325377515191036
}