{
  "mae": 1.2932456447149834,
  "rmse": 2.3765789601911536,
  "median_ae": 0.7344927725735877,
  "r2": 0.420487249333526
}