{
  "mae": 1.277189700972145,
  "rmse": 2.370841985432802,
  "median_ae": 0.7305964424744813,
  "r2": 0.4232817175893766,
  "train_mae": 1.024566622813199,
  "train_rmse": 1.8578742061926026,
  "train_median_ae": 0.5945416265455203,
  "train_r2": 0.6471531229179679,
  "validation_mae": 1.277189700972145,
  "validation_rmse": 2.370841985432802,
  "validation_median_ae": 0.7305964424744813,
  "validation_r2": 0.4232817175893766,
  "train_metrics": {
    "mae": 1.024566622813199,
    "rmse": 1.8578742061926026,
    "median_ae": 0.5945416265455203,
    "r2": 0.6471531229179679
  },
  "validation_metrics": {
    "mae": 1.277189700972145,
    "rmse": 2.370841985432802,
    "median_ae": 0.7305964424744813,
    "r2": 0.4232817175893766
  }
}