{
  "mae": 1.282106034337387,
  "rmse": 2.3700347742896235,
  "median_ae": 0.7290178654191117,
  "r2": 0.4236743664253395
}