{
  "mae": 1.282867745141731,
  "rmse": 2.3707087237792135,
  "median_ae": 0.7310418742811735,
  "r2": 0.4233465487949162,
  "train_mae": 1.1884106286979466,
  "train_rmse": 2.1303606611278236,
  "train_median_ae": 0.6832834062817357,
  "train_r2": 0.5360620113546302,
  "validation_mae": 1.282867745141731,
  "validation_rmse": 2.3707087237792135,
  "validation_median_ae": 0.7310418742811735,
  "validation_r2": 0.4233465487949162,
  "train_metrics": {
    "mae": 1.1884106286979466,
    "rmse": 2.1303606611278236,
    "median_ae": 0.6832834062817357,
    "r2": 0.5360620113546302
  },
  "validation_metrics": {
    "mae": 1.282867745141731,
    "rmse": 2.3707087237792135,
    "median_ae": 0.7310418742811735,
    "r2": 0.4233465487949162
  }
}