{
  "mae": 2.0945139999999998,
  "rmse": 3.7167928987233068,
  "median_ae": 1.2000000000000002,
  "r2": -0.058401639846991316
}