{
  "mae": 1.4669075291625153,
  "rmse": 2.8149885889036956,
  "median_ae": 0.7914693684517595,
  "r2": 0.39289046180326925
}