{
  "mae": 1.4756996652970749,
  "rmse": 2.831265007108623,
  "median_ae": 0.7855211899873853,
  "r2": 0.3858494836161457
}